perfparent0830011600006@mailinator.com,RUBY,ABBA,149859688,
perfparent0830011600012@mailinator.com,ALICIA,ABAD,149859689,
perfparent0830011600018@mailinator.com,BEVERLY,ABAD,149859690,
perfparent0830011600024@mailinator.com,DAHLIA,ABAD,149859691,
perfparent0830011600029@mailinator.com,IGOR,ABAD,149859692,
perfparent0830011600030@mailinator.com,JENNIFER,ABAD,149859693,
perfparent0830011600035@mailinator.com,JOY,ABAD,149859694,
perfparent0830011600036@mailinator.com,KARINA,ABAD,149859695,
perfparent0830011600041@mailinator.com,LOURDES,ABAD,149859696,
perfparent0830011600042@mailinator.com,MARILOU,ABAD,149859697,
perfparent0830011600046@mailinator.com,MITCHELL,ABAD,149859698,
perfparent0830011600048@mailinator.com,PERLA,ABAD,149859699,
perfparent0830011600052@mailinator.com,REBECCA,ABAD,149859700,
No_userName,No_firstName,No_lastName,No_spsID,
perfparent0830011600054@mailinator.com,TAMERA,ABAD,149859701,
perfparent0830011600057@mailinator.com,VALERIE,ABAD,149859702,
perfparent0830011600058@mailinator.com,MARIE,ABADE,149859703,
perfparent0830011700000@mailinator.com,RANDA,ABADEH,149859704,
perfparent0830011700003@mailinator.com,AMAL,ABADI,149859705,
perfparent0830011700004@mailinator.com,CHAYA,ABADI,149859706,
perfparent0830011700009@mailinator.com,JAWAD,ABADI,149859707,
perfparent0830011700011@mailinator.com,AURA,ABADIA,149859708,
perfparent0830011700014@mailinator.com,PATRICIA,ABADIA,149859709,
No_userName,No_firstName,No_lastName,No_spsID,
perfparent0830011700016@mailinator.com,ANN,ABADIE,149859710,
perfparent0830011700020@mailinator.com,BERNARD,ABADIE,149859711,
perfparent0830011700021@mailinator.com,BRANDI,ABADIE,149859712,
perfparent0830011700023@mailinator.com,DAINA,ABADIE,149859713,
perfparent0830011700025@mailinator.com,ELLIE,ABADIE,149859714,
perfparent0830011700026@mailinator.com,GISELE,ABADIE,149859715,
perfparent0830011700031@mailinator.com,KRIS,ABADIE,149859716,
perfparent0830011700033@mailinator.com,NICOLE,ABADIE,149859717,
perfparent0830011700036@mailinator.com,PATTY,ABADIE,149859718,
No_userName,No_firstName,No_lastName,No_spsID,
perfparent0830011700038@mailinator.com,SANDRA,ABADIE,149859719,
perfparent0830011700042@mailinator.com,ANGELA,ABADILLA,149859720,
perfparent0830011700043@mailinator.com,CHRISTINA,ABADIR,149859721,
perfparent0830011700045@mailinator.com,RASHA,ABADIR,149859722,
perfparent0830011700048@mailinator.com,GLEN,ABADY,149859723,
No_userName,No_firstName,No_lastName,No_spsID,
perfparent0830011700054@mailinator.com,RACHEL,ABAGAT,149859724,
perfparent0830011700056@mailinator.com,CHANNELL,ABAGI,149859725,
perfparent0830011700058@mailinator.com,ABRAVS,ABAHAMS,149859726,
No_userName,No_firstName,No_lastName,No_spsID,
perfparent0830011800000@mailinator.com,DANIELA,ABAID,149859727,
perfparent0830011800004@mailinator.com,BARBARA,ABAIR,149859728,
perfparent0830011800005@mailinator.com,DAWNA,ABAIR,149859729,
perfparent0830011800008@mailinator.com,KATHY,ABAIR,149859730,
perfparent0830011800010@mailinator.com,STACY,ABAIR,149859731,
perfparent0830011800011@mailinator.com,MATT,ABAJIAN,149859732,
perfparent0830011800016@mailinator.com,ROXANNE,ABAJIAN,149859733,
perfparent0830011800018@mailinator.com,MARIA,ABAL,149859734,
perfparent0830011800020@mailinator.com,CARA,ABALDO,149859735,
perfparent0830011800021@mailinator.com,RAPHUNZEL,ABALLE,149859736,
perfparent0830011800023@mailinator.com,FABIENNE,ABALLI,149859737,
perfparent0830011800027@mailinator.com,CATHY,ABALLO,149859738,
No_userName,No_firstName,No_lastName,No_spsID,
perfparent0830011800030@mailinator.com,ANDRES,ABALOS,149859739,
perfparent0830011800033@mailinator.com,CARINADANTIC,ABALOS,149859740,
No_userName,No_firstName,No_lastName,No_spsID,
perfparent0830011800038@mailinator.com,LETICIA,ABALOS,149859741,
perfparent0830011800041@mailinator.com,MARY,ABALOS,149859742,
perfparent0830011800043@mailinator.com,RICHARD,ABALOS,149859743,
No_userName,No_firstName,No_lastName,No_spsID,
perfparent0830011800045@mailinator.com,ABISH,ABAN,149859744,
perfparent0830011800049@mailinator.com,DEBRA,ABAN,149859745,
No_userName,No_firstName,No_lastName,No_spsID,
perfparent0830011800052@mailinator.com,JULIA,ABANDA,149859746,
No_userName,No_firstName,No_lastName,No_spsID,
perfparent0830011800055@mailinator.com,MARICHU,ABANDO,149859747,
perfparent0830011900001@mailinator.com,BRANDI,ABANSKI,149859748,
perfparent0830011900003@mailinator.com,TERRI,ABANT,149859749,
perfparent0830011900005@mailinator.com,JENNIFER,ABANTO,149859750,
perfparent0830011900006@mailinator.com,KATHERINE,ABAR,149859751,
perfparent0830011900007@mailinator.com,MERCEDES,ABARA,149859752,
perfparent0830011900012@mailinator.com,AMANDA,ABARCA,149859753,
No_userName,No_firstName,No_lastName,No_spsID,
perfparent0830011900014@mailinator.com,ANNALISA,ABARCA,149859754,
perfparent0830011900017@mailinator.com,BELEN,ABARCA,149859755,
perfparent0830011900018@mailinator.com,CATHY,ABARCA,149859756,
perfparent0830011900023@mailinator.com,CRYSTAL,ABARCA,149859757,
perfparent0830011900025@mailinator.com,DIANE,ABARCA,149859758,
perfparent0830011900028@mailinator.com,GLORIA,ABARCA,149859759,
perfparent0830011900029@mailinator.com,KENNETH,ABARCA,149859760,
perfparent0830011900030@mailinator.com,LAURIE,ABARCA,149859761,
perfparent0830011900034@mailinator.com,MARCELA,ABARCA,149859762,
No_userName,No_firstName,No_lastName,No_spsID,
perfparent0830011900037@mailinator.com,NORMA,ABARCA,149859763,
perfparent0830011900040@mailinator.com,VANESSA,ABARCA,149859764,
perfparent0830011900041@mailinator.com,YAMILA,ABARCA,149859765,
perfparent0830011900046@mailinator.com,LISA,ABARCAR,149859766,
perfparent0830011900048@mailinator.com,CINDY,ABARE,149859767,
perfparent0830011900050@mailinator.com,JAMIE,ABARE,149859768,
perfparent0830011900051@mailinator.com,LEIGH,ABARE,149859769,
perfparent0830011900052@mailinator.com,MICHELLE,ABARE,149859770,
perfparent0830011900056@mailinator.com,TANNER,ABARE,149859771,
No_userName,No_firstName,No_lastName,No_spsID,
perfparent0830011900059@mailinator.com,ALYSABETH,ABARNATHY,149859772,
perfparent0830012000002@mailinator.com,JOE,ABARNO,149859773,
perfparent0830012000003@mailinator.com,RICHARD,ABARNO,149859774,
perfparent0830012000008@mailinator.com,MARICHU,ABAROA,149859775,
perfparent0830012000011@mailinator.com,ALBIN,ABARQUEZ,149859776,
perfparent0830012000013@mailinator.com,COURTNEY,ABARR,149859777,
perfparent0830012000014@mailinator.com,BEN,ABARRO,149859778,
No_userName,No_firstName,No_lastName,No_spsID,
perfparent0830012000018@mailinator.com,CHARLES,ABASA,149859779,
No_userName,No_firstName,No_lastName,No_spsID,
perfparent0830012000022@mailinator.com,NANCY,ABASCAL,149859780,
perfparent0830012000025@mailinator.com,CRYSTAL,ABASOLO,149859781,
perfparent0830012000026@mailinator.com,AFARIN,ABASI,149859782,
perfparent0830012000030@mailinator.com,ADIJAT,ABASS,149859783,
perfparent0830012000033@mailinator.com,KATHERINE,ABASS,149859784,
perfparent0830012000036@mailinator.com,ARTURO,ABASTA,149859785,
No_userName,No_firstName,No_lastName,No_spsID,
No_userName,No_firstName,No_lastName,No_spsID,
perfparent0830012000040@mailinator.com,ANN,ABATANGELO,149859787,
No_userName,No_firstName,No_lastName,No_spsID,
perfparent0830012000044@mailinator.com,KIMBERLY,ABATANGELO,149859788,
perfparent0830012000048@mailinator.com,MARIE,ABATAYO,149859789,
No_userName,No_firstName,No_lastName,No_spsID,
perfparent0830012000053@mailinator.com,ANNEMARIE,ABATE,149859790,
perfparent0830012000055@mailinator.com,ANTONINA,ABATE,149859791,
perfparent0830012000058@mailinator.com,BARBARA,ABATE,149859792,
No_userName,No_firstName,No_lastName,No_spsID,
No_userName,No_firstName,No_lastName,No_spsID,
perfparent0830012100002@mailinator.com,DANIELLE,ABATE,149859793,
No_userName,No_firstName,No_lastName,No_spsID,
perfparent0830012100006@mailinator.com,DAWN,ABATE,149859795,
perfparent0830012100010@mailinator.com,DOMINIC,ABATE,149859796,
perfparent0830012100011@mailinator.com,DENISE,ABATE,149859797,
perfparent0830012100016@mailinator.com,JENNIFER,ABATE,149859798,
perfparent0830012100017@mailinator.com,JOE,ABATE,149859799,
perfparent0830012100021@mailinator.com,JULIETTE,ABATE,149859800,
No_userName,No_firstName,No_lastName,No_spsID,
No_userName,No_firstName,No_lastName,No_spsID,
perfparent0830012100025@mailinator.com,LORI,ABATE,149859801,
No_userName,No_firstName,No_lastName,No_spsID,
perfparent0830012100028@mailinator.com,MEAZA,ABATE,149859802,
perfparent0830012100033@mailinator.com,MIRIAM,ABATE,149859803,
No_userName,No_firstName,No_lastName,No_spsID,
perfparent0830012100038@mailinator.com,PAMELA,ABATE,149859804,
perfparent0830012100040@mailinator.com,PATTY,ABATE,149859805,
perfparent0830012100043@mailinator.com,ALANA,ABATECOLA,149859806,
No_userName,No_firstName,No_lastName,No_spsID,
No_userName,No_firstName,No_lastName,No_spsID,
perfparent0830012100047@mailinator.com,ROBIN,ABATI,149859808,
No_userName,No_firstName,No_lastName,No_spsID,
perfparent0830012100050@mailinator.com,MELISSA,ABATTE,149859809,
perfparent0830012100055@mailinator.com,JENNIFER,ABATTI,149859810,
No_userName,No_firstName,No_lastName,No_spsID,
perfparent0830012200001@mailinator.com,MANUEL,ABAUNZA,149859811,
perfparent0830012200002@mailinator.com,PILAR,ABAURREA,149859812,
perfparent0830012200005@mailinator.com,ABEL,ABAY,149859813,
No_userName,No_firstName,No_lastName,No_spsID,
perfparent0830012200006@mailinator.com,UTH,ABAWAG,149859814,
perfparent0830012200009@mailinator.com,DIOSDADO,ABAYA,149859815,
perfparent0830012200010@mailinator.com,ROSARIO,ABAYA,149859816,
perfparent0830012200013@mailinator.com,TARA,ABAYA,149859817,
perfparent0830012200017@mailinator.com,HAROLD,ABAYAN,149859818,
perfparent0830012200018@mailinator.com,IRENE,ABAZA,149859819,
perfparent0830012200023@mailinator.com,ANOUSHE,ABAZARI,149859820,
perfparent0830012200024@mailinator.com,AMBER,ABAZE,149859821,
perfparent0830012200027@mailinator.com,ANN,ABAZIE,149859823,
No_userName,No_firstName,No_lastName,No_spsID,
perfparent0830012200028@mailinator.com,ALICIA,ABBADESSA,149859824,
No_userName,No_firstName,No_lastName,No_spsID,
perfparent0830012200032@mailinator.com,DANNY,ABBADESSA,149859825,
perfparent0830012200035@mailinator.com,RACHEL,ABBAMONDI,149859826,
perfparent0830012200039@mailinator.com,JAMES,ABBAMONTIAN,149859827,
perfparent0830012200040@mailinator.com,JOAN,ABBAN,149859828,
perfparent0830012200045@mailinator.com,AHLAM,ABBAS,149859829,
perfparent0830012200046@mailinator.com,ALICIA,ABBAS,149859830,
perfparent0830012200049@mailinator.com,ANISA,ABBAS,149859831,
perfparent0830012200050@mailinator.com,BRYCE,ABBAS,149859832,
No_userName,No_firstName,No_lastName,No_spsID,
perfparent0830012200054@mailinator.com,HAMZAFAROOQ,ABBAS,149859833,
No_userName,No_firstName,No_lastName,No_spsID,
perfparent0830012200057@mailinator.com,KAREN,ABBAS,149859834,
perfparent0830012300002@mailinator.com,MANDY,ABBAS,149859835,
No_userName,No_firstName,No_lastName,No_spsID,
perfparent0830012300008@mailinator.com,MUZAFFAR,ABBAS,149859836,
perfparent0830012300009@mailinator.com,NASREEN,ABBAS,149859837,
perfparent0830012300012@mailinator.com,PAUL,ABBAS,149859838,
No_userName,No_firstName,No_lastName,No_spsID,
perfparent0830012300013@mailinator.com,SAEEDA,ABBAS,149859839,
perfparent0830012300016@mailinator.com,ZAHIRA,ABBAS,149859840,
No_userName,No_firstName,No_lastName,No_spsID,
perfparent0830012300019@mailinator.com,VINCENT,ABBASCIA,149859841,
perfparent0830012300024@mailinator.com,IMRAN,ABBASI,149859842,
No_userName,No_firstName,No_lastName,No_spsID,
perfparent0830012300030@mailinator.com,LIZ,ABBASI,149859843,
perfparent0830012300031@mailinator.com,MAHER,ABBASI,149859844,
perfparent0830012300034@mailinator.com,NAZIA,ABBASI,149859845,
No_userName,No_firstName,No_lastName,No_spsID,
perfparent0830012300035@mailinator.com,SAMIRA,ABBASI,149859846,
perfparent0830012300038@mailinator.com,SHAZIA,ABBASI,149859847,
No_userName,No_firstName,No_lastName,No_spsID,
perfparent0830012300041@mailinator.com,BETH,ABBASS,149859848,
perfparent0830012300046@mailinator.com,CHRISTOPHER,ABBASSE,149859849,
No_userName,No_firstName,No_lastName,No_spsID,
perfparent0830012300052@mailinator.com,LISA,ABBASSI,149859850,
perfparent0830012300053@mailinator.com,MARIANNE,ABBASSO,149859851,
perfparent0830012300056@mailinator.com,DAWN,ABBATANGELO,149859852,
No_userName,No_firstName,No_lastName,No_spsID,
perfparent0830012300057@mailinator.com,KAREN,ABBATANTUONO,149859853,
perfparent0830012400000@mailinator.com,ANGELA,ABBATE,149859854,
No_userName,No_firstName,No_lastName,No_spsID,
perfparent0830012400004@mailinator.com,CHRISTINE,ABBATE,149859855,
perfparent0830012400008@mailinator.com,DEE,ABBATE,149859856,
No_userName,No_firstName,No_lastName,No_spsID,
perfparent0830012400014@mailinator.com,JILL,ABBATE,149859857,
perfparent0830012400016@mailinator.com,JOANN,ABBATE,149859858,
perfparent0830012400018@mailinator.com,KAREN,ABBATE,149859859,
No_userName,No_firstName,No_lastName,No_spsID,
perfparent0830012400019@mailinator.com,LAUREN,ABBATE,149859860,
perfparent0830012400022@mailinator.com,LOREN,ABBATE,149859861,
perfparent0830012400023@mailinator.com,LOUIS,ABBATE,149859862,
perfparent0830012400026@mailinator.com,MATTHEW,ABBATE,149859863,
perfparent0830012400030@mailinator.com,MOLLY,ABBATE,149859864,
No_userName,No_firstName,No_lastName,No_spsID,
perfparent0830012400037@mailinator.com,TRACY,ABBATE,149859865,
perfparent0830012400038@mailinator.com,DEE,ABBATEFETZER,149859866,
perfparent0830012400040@mailinator.com,TRACY,ABBATECOLA,149859867,
perfparent0830012400041@mailinator.com,NICOLE,ABBATEMARCO,149859868,
No_userName,No_firstName,No_lastName,No_spsID,
perfparent0830012400044@mailinator.com,CHRISTINA,ABBATIELLO,149859869,
perfparent0830012400045@mailinator.com,JAMES,ABBATIELLO,149859870,
perfparent0830012400048@mailinator.com,MARIA,ABBATIELLO,149859871,
perfparent0830012400052@mailinator.com,TARA,ABBATIELLO,149859872,
No_userName,No_firstName,No_lastName,No_spsID,
